,ВУЗ,Стоимость,Бюджет балл,Бюджет мест,Договор балл,Договор мест,Очная форма обучения,Очно-заочная форма обучения,Заочная форма обучения,Дистанционная форма обучения,Специальность,Сайт
0,НИТУ МИСиС – Национальный исследовательский технологический университет МИСиС,209000,258,25,120,65,Есть,Нет,Нет,Нет,09.03.03,vuzoteka.ru
1,РАНХиГС – Российская академия народного хозяйства и государственной службы при Президенте Российской Федерации,300000,248,15,149,40,Есть,Нет,Нет,Нет,09.03.03,vuzoteka.ru
2,НИУ МЭИ – Национальный исследовательский университет МЭИ,202000,250,15,170,40,Есть,Нет,Нет,Нет,09.03.03,vuzoteka.ru
3,ЮУрГУ – Южно-Уральский государственный университет (национальный исследовательский университет),0,194,24,108,6,Есть,Нет,Нет,Нет,09.03.03,vuzoteka.ru
4,ВГУ – Воронежский государственный университет,0,214,25,150,0,Есть,Нет,Нет,Нет,09.03.03,vuzoteka.ru
5,УГНТУ – Уфимский государственный нефтяной технический университет,118000,229,20,124,5,Есть,Нет,Нет,Нет,09.03.03,vuzoteka.ru
6,МАИ – Московский авиационный институт (национальный исследовательский университет),0,241,37,174,30,Есть,Нет,Нет,Нет,09.03.03,vuzoteka.ru
7,ТУСУР – Томский государственный университет систем управления и радиоэлектроники,152500,204,25,145,25,Есть,Нет,Нет,Нет,09.03.03,vuzoteka.ru
8,СПбГУПТД – Санкт-Петербургский государственный университет промышленных технологий и дизайна,174000,251,25,148,90,Есть,Нет,Нет,Нет,09.03.03,vuzoteka.ru
9,БГТУ имени В.Г. Шухова – Белгородский государственный технологический университет имени В.Г. Шухова,105900,175,18,174,50,Есть,Нет,Нет,Нет,09.03.03,vuzoteka.ru
10,МГТУ СТАНКИН – Московский государственный технологический университет СТАНКИН,223700,223,60,161,40,Есть,Нет,Нет,Нет,09.03.03,vuzoteka.ru
11,СФУ – Сибирский федеральный университет,0,175,115,137,25,Есть,Нет,Нет,Нет,09.03.03,vuzoteka.ru
12,РЭУ имени Г.В. Плеханова – Российский экономический университет имени Г.В. Плеханова,270000,255,25,172,45,Есть,Нет,Нет,Нет,09.03.03,vuzoteka.ru
13,МГУТУ имени К.Г. Разумовского – Московский государственный университет технологий и управления имени К.Г. Разумовского,201000,202,13,0,7,Есть,Нет,Есть,Нет,09.03.03,vuzoteka.ru
14,НГТУ – Новосибирский государственный технический университет,118100,225,25,151,50,Есть,Нет,Есть,Нет,09.03.03,vuzoteka.ru
15,КНИТУ КАИ – Казанский национальный исследовательский технический университет имени А.Н. Туполева,0,210,22,0,10,Есть,Нет,Нет,Нет,09.03.03,vuzoteka.ru
16,НИУ МИЭТ – Национальный исследовательский университет МИЭТ,234600,240,45,119,0,Есть,Нет,Есть,Нет,09.03.03,vuzoteka.ru
17,СГУ имени Н.Г. Чернышевского – Саратовский национальный исследовательский государственный университет имени Н.Г. Чернышевского,115830,133,42,0,10,Есть,Нет,Есть,Нет,09.03.03,vuzoteka.ru
18,МПУ – Московский политехнический университет,0,0,60,159,20,Есть,Нет,Нет,Нет,09.03.03,vuzoteka.ru
19,МПГУ – Московский педагогический государственный университет,190100,213,18,167,0,Есть,Нет,Есть,Нет,09.03.03,vuzoteka.ru
20,ННГУ имени Н.И. Лобачевского – Нижегородский государственный университет имени Н.И. Лобачевского,137000,185,15,165,60,Есть,Нет,Есть,Нет,09.03.03,vuzoteka.ru
21,ТулГУ – Тульский государственный университет,110000,180,25,130,25,Есть,Нет,Есть,Нет,09.03.03,vuzoteka.ru
22,ВолгГТУ – Волгоградский государственный технический университет,123340,194,20,103,15,Есть,Нет,Нет,Нет,09.03.03,vuzoteka.ru
23,КубГУ – Кубанский государственный университет,120600,225,28,150,22,Есть,Нет,Нет,Нет,09.03.03,vuzoteka.ru
24,МИИТ – Московский государственный университет путей сообщения Императора Николая II,206900,187,23,118,7,Есть,Нет,Есть,Нет,09.03.03,vuzoteka.ru
25,ГУАП – Санкт-Петербургский государственный университет аэрокосмического приборостроения,180000,172,135,127,20,Есть,Нет,Есть,Нет,09.03.03,vuzoteka.ru
26,РГГУ – Российский государственный гуманитарный университет,214200,221,25,164,10,Есть,Нет,Нет,Нет,09.03.03,vuzoteka.ru
27,РТУ МИРЭА – Российский технологический университет,221250,240,115,103,155,Есть,Нет,Нет,Нет,09.03.03,vuzoteka.ru
28,ТГУ имени Г.Р. Державина – Тамбовский государственный университет имени Г.Р. Державина,114000,165,25,104,5,Есть,Нет,Есть,Нет,09.03.03,vuzoteka.ru
29,ОмГТУ – Омский государственный технический университет,122200,174,50,150,5,Есть,Нет,Есть,Нет,09.03.03,vuzoteka.ru
30,МГУПП – Московский государственный университет пищевых производств,215000,168,13,167,27,Есть,Нет,Нет,Нет,09.03.03,vuzoteka.ru
31,КБГУ – Кабардино-Балкарский государственный университет имени Х.М. Бербекова,0,137,29,0,0,Есть,Нет,Нет,Нет,09.03.03,vuzoteka.ru
32,ПГУ – Пензенский государственный университет,107820,204,27,103,20,Есть,Нет,Есть,Нет,09.03.03,vuzoteka.ru
33,СПбГЭУ – Санкт-Петербургский государственный экономический университет,210000,236,19,157,25,Есть,Нет,Нет,Нет,09.03.03,vuzoteka.ru
34,"МЭСИ – Московский государственный университет экономики, статистики и информатики",235000,205,15,0,6,Есть,Нет,Нет,Нет,09.03.03,vuzoteka.ru
35,ОГУ – Оренбургский государственный университет,0,163,15,0,10,Есть,Нет,Есть,Нет,09.03.03,vuzoteka.ru
36,ТюмГУ – Тюменский государственный университет,0,220,60,124,5,Есть,Нет,Нет,Нет,09.03.03,vuzoteka.ru
37,СВФУ имени М.К. Аммосова – Северо-Восточный федеральный университет имени М.К. Аммосова,272500,196,25,162,5,Есть,Нет,Нет,Нет,09.03.03,vuzoteka.ru
38,УГАТУ – Уфимский государственный авиационный технический университет,0,218,43,115,50,Есть,Нет,Есть,Нет,09.03.03,vuzoteka.ru
39,СамГТУ – Самарский государственный технический университет,132500,200,26,0,20,Есть,Нет,Нет,Нет,09.03.03,vuzoteka.ru
40,ВлГУ – Владимирский государственный университет имени Александра Григорьевича и Николая Григорьевича Столетовых,126000,186,15,130,10,Есть,Нет,Есть,Нет,09.03.03,vuzoteka.ru
41,МИТХТ – Московский государственный университет тонких химических технологий имени М.В. Ломоносова,123000,0,0,0,25,Есть,Нет,Нет,Нет,09.03.03,vuzoteka.ru
42,ДГТУ – Донской государственный технический университет,117000,176,50,148,30,Есть,Нет,Есть,Нет,09.03.03,vuzoteka.ru
43,СКФУ – Северо-Кавказский федеральный университет,0,201,20,143,10,Есть,Нет,Есть,Нет,09.03.03,vuzoteka.ru
44,ТГАСУ – Томский государственный архитектурно-строительный университет,155184,0,17,157,3,Есть,Нет,Есть,Нет,09.03.03,vuzoteka.ru
45,ТОГУ – Тихоокеанский государственный университет,0,0,10,0,10,Есть,Нет,Есть,Нет,09.03.03,vuzoteka.ru
46,РГРТУ – Рязанский государственный радиотехнический университет,106400,182,15,124,10,Есть,Нет,Есть,Нет,09.03.03,vuzoteka.ru
47,СПбГТИ (СПбГТУ) – Санкт-Петербургский государственный технологический институт (технический университет),174000,230,13,160,10,Есть,Нет,Нет,Нет,09.03.03,vuzoteka.ru
48,МГППУ – Московский городской психолого-педагогический университет,0,0,20,0,10,Есть,Нет,Нет,Нет,09.03.03,vuzoteka.ru
49,СГТУ – Саратовский государственный технический университет имени Гагарина Ю.Ю.,113080,223,14,0,20,Есть,Нет,Нет,Нет,09.03.03,vuzoteka.ru
50,СибГУ – Сибирский государственный университет науки и технологий имени академика М.Ф. Решетнева,146400,170,24,142,1,Есть,Нет,Есть,Нет,09.03.03,vuzoteka.ru
51,КубГАУ – Кубанский государственный аграрный университет имени И.Т. Трубилина,135000,220,45,185,30,Есть,Нет,Есть,Нет,09.03.03,vuzoteka.ru
52,СГУПС – Сибирский государственный университет путей сообщения,128700,204,19,128,31,Есть,Нет,Нет,Нет,09.03.03,vuzoteka.ru
53,ИГУ – Иркутский государственный университет,146450,211,24,132,25,Есть,Нет,Нет,Нет,09.03.03,vuzoteka.ru
54,РГГМУ – Российский государственный гидрометеорологический университет,202000,168,25,143,10,Есть,Нет,Нет,Нет,09.03.03,vuzoteka.ru
55,УлГУ – Ульяновский государственный университет,101660,197,19,159,5,Есть,Нет,Нет,Нет,09.03.03,vuzoteka.ru
56,БашГУ – Башкирский государственный университет,0,186,25,138,25,Есть,Нет,Нет,Нет,09.03.03,vuzoteka.ru
57,САФУ имени М.В. Ломоносова – Северный (Арктический) федеральный университет имени М.В. Ломоносова,170670,205,26,164,4,Есть,Нет,Есть,Нет,09.03.03,vuzoteka.ru
58,БГУ – Байкальский государственный университет,160500,181,10,180,5,Есть,Нет,Есть,Нет,09.03.03,vuzoteka.ru
59,ЛГУ имени А.С. Пушкина – Ленинградский государственный университет имени А.С. Пушкина,147200,189,15,162,10,Есть,Нет,Есть,Нет,09.03.03,vuzoteka.ru
60,ЯрГУ имени П.Г. Демидова – Ярославский государственный университет имени П.Г. Демидова,132802,213,22,135,15,Есть,Нет,Нет,Нет,09.03.03,vuzoteka.ru
61,РосНОУ – Российский новый университет,268815,198,9,167,25,Есть,Нет,Есть,Нет,09.03.03,vuzoteka.ru
62,ТГТУ – Тамбовский государственный технический университет,114000,159,15,139,10,Есть,Нет,Есть,Нет,09.03.03,vuzoteka.ru
63,АлтГУ – Алтайский государственный университет,114160,170,49,121,11,Есть,Нет,Есть,Нет,09.03.03,vuzoteka.ru
64,ОмГУ – Омский государственный университет имени Ф.М. Достоевского,0,182,25,0,30,Есть,Нет,Нет,Нет,09.03.03,vuzoteka.ru
65,ГУУ – Государственный университет управления,0,233,20,118,45,Есть,Нет,Нет,Нет,09.03.03,vuzoteka.ru
66,ВГУЭС – Владивостокский государственный университет экономики и сервиса,0,170,20,167,20,Есть,Нет,Нет,Нет,09.03.03,vuzoteka.ru
67,ДГУ – Дагестанский государственный университет,0,104,78,0,15,Есть,Нет,Нет,Нет,09.03.03,vuzoteka.ru
68,МТУСИ – Московский технический университет связи и информатики,199100,227,25,143,25,Есть,Нет,Нет,Нет,09.03.03,vuzoteka.ru
69,ГУМФР – Государственный университет морского и речного флота имени адмирала С.О. Макарова,0,217,25,0,5,Есть,Нет,Нет,Нет,09.03.03,vuzoteka.ru
70,ЮРГПУ (НПИ) – Южно-Российский государственный политехнический университет имени М.И. Платова,109680,156,20,0,3,Есть,Нет,Нет,Нет,09.03.03,vuzoteka.ru
71,ПГТУ (Волгатех) – Поволжский государственный технологический университет,99500,165,65,118,5,Есть,Нет,Нет,Нет,09.03.03,vuzoteka.ru
72,ИжГТУ – Ижевский государственный технический университет имени М.Т. Калашникова,129850,215,16,135,3,Есть,Нет,Нет,Нет,09.03.03,vuzoteka.ru
73,ВГТУ – Воронежский государственный технический университет,115800,0,0,0,20,Есть,Нет,Нет,Нет,09.03.03,vuzoteka.ru
74,ИГЭУ – Ивановский государственный энергетический университет имени В.И. Ленина,109718,198,28,173,20,Есть,Нет,Нет,Нет,09.03.03,vuzoteka.ru
75,ЧГУ имени И.Н. Ульянова – Чувашский государственный университет имени И.Н. Ульянова,104010,148,58,0,5,Есть,Нет,Есть,Нет,09.03.03,vuzoteka.ru
76,ПсковГУ – Псковский государственный университет,0,148,15,0,10,Есть,Нет,Есть,Нет,09.03.03,vuzoteka.ru
77,АГТУ – Астраханский государственный технический университет,116000,169,25,107,10,Есть,Нет,Есть,Нет,09.03.03,vuzoteka.ru
78,ИвГУ – Ивановский государственный университет,109720,171,10,140,20,Есть,Нет,Нет,Нет,09.03.03,vuzoteka.ru
79,РГАТУ имени П.А. Соловьева – Рыбинский государственный авиационный технологический университет имени П.А. Соловьева,0,146,18,138,5,Есть,Нет,Есть,Нет,09.03.03,vuzoteka.ru
80,ТвГУ – Тверской государственный университет,113600,187,25,137,5,Есть,Нет,Нет,Нет,09.03.03,vuzoteka.ru
81,РГАУ-МСХА имени К.А. Тимирязева – Российский государственный аграрный университет,249320,211,25,140,10,Есть,Нет,Нет,Нет,09.03.03,vuzoteka.ru
82,ОГУ имени И.С. Тургенева – Орловский государственный университет имени И.С. Тургенева,0,173,45,132,15,Есть,Есть,Нет,Нет,09.03.03,vuzoteka.ru
83,РГСУ – Ростовский государственный строительный университет,0,0,0,0,0,Есть,Нет,Есть,Нет,09.03.03,vuzoteka.ru
84,КГЭУ – Казанский государственный энергетический университет,0,225,22,181,25,Есть,Нет,Есть,Нет,09.03.03,vuzoteka.ru
85,ЗабГУ – Забайкальский государственный университет,139500,150,18,136,5,Есть,Нет,Есть,Нет,09.03.03,vuzoteka.ru
86,ВГАСУ – Воронежский государственный архитектурно-строительный университет,0,0,0,0,0,Есть,Нет,Нет,Нет,09.03.03,vuzoteka.ru
87,АлтГТУ – Алтайский государственный технический университет имени И.И. Ползунова,0,195,20,0,10,Есть,Есть,Есть,Нет,09.03.03,vuzoteka.ru
88,ОмГПУ – Омский государственный педагогический университет,130900,137,15,121,5,Есть,Нет,Нет,Нет,09.03.03,vuzoteka.ru
89,МГИУ – Московский государственный индустриальный университет,122200,175,10,0,20,Есть,Нет,Нет,Нет,09.03.03,vuzoteka.ru
90,ВГАУ – Воронежский государственный аграрный университет имени императора Петра I,99500,0,10,0,25,Есть,Нет,Есть,Нет,09.03.03,vuzoteka.ru
91,ВГУИТ – Воронежский государственный университет инженерных технологий,108650,195,25,127,15,Есть,Нет,Есть,Нет,09.03.03,vuzoteka.ru
92,УдГУ – Удмуртский государственный университет,121800,196,22,130,8,Есть,Нет,Есть,Нет,09.03.03,vuzoteka.ru
93,УлГТУ – Ульяновский государственный технический университет,117830,182,26,155,100,Есть,Есть,Нет,Нет,09.03.03,vuzoteka.ru
94,МГТУ имени Г.И. Носова – Магнитогорский государственный технический университет имени Г.И. Носова,120200,187,26,120,4,Есть,Нет,Нет,Нет,09.03.03,vuzoteka.ru
95,МИИГАиК – Московский государственный университет геодезии и картографии,0,215,25,151,35,Есть,Нет,Нет,Нет,09.03.03,vuzoteka.ru
96,ТГПУ имени Л.Н. Толстого – Тульский государственный педагогический университет имени Л.Н. Толстого,0,171,17,134,5,Есть,Нет,Нет,Нет,09.03.03,vuzoteka.ru
97,ЮТИ ТПУ – филиал Национального исследовательского Томского политехнического университета,0,210,15,170,5,Есть,Нет,Нет,Нет,09.03.03,vuzoteka.ru
98,ТвГТУ – Тверской государственный технический университет,120270,154,20,99,15,Есть,Нет,Есть,Нет,09.03.03,vuzoteka.ru
99,Красноярский ГАУ – Красноярский государственный аграрный университет,179780,0,0,105,0,Есть,Нет,Нет,Нет,09.03.03,vuzoteka.ru
100,ДВГУПС – Дальневосточный государственный университет путей сообщения,0,199,20,130,30,Есть,Нет,Нет,Нет,09.03.03,vuzoteka.ru
101,БГАУ – Брянский государственный аграрный университет,0,162,15,0,15,Есть,Нет,Есть,Нет,09.03.03,vuzoteka.ru
102,ВятГУ – Вятский государственный университет,115177,196,25,126,30,Есть,Нет,Нет,Нет,09.03.03,vuzoteka.ru
103,КубГТУ – Кубанский государственный технологический университет,0,0,10,175,20,Есть,Нет,Есть,Нет,09.03.03,vuzoteka.ru
104,ТГУ – Тольяттинский государственный университет,129000,174,25,157,5,Есть,Нет,Есть,Нет,09.03.03,vuzoteka.ru
105,СГЭУ – Самарский государственный экономический университет,123000,208,28,125,50,Есть,Нет,Есть,Нет,09.03.03,vuzoteka.ru
106,РГЭУ (РИНХ) – Ростовский государственный экономический университет,0,178,15,161,10,Есть,Нет,Есть,Нет,09.03.03,vuzoteka.ru
107,ВолГУ – Волгоградский государственный университет,0,174,24,155,30,Есть,Нет,Нет,Нет,09.03.03,vuzoteka.ru
108,НГУЭУ-НИНХ – Новосибирский государственный университет экономики и управления НИНХ,0,211,12,148,18,Есть,Есть,Нет,Нет,09.03.03,vuzoteka.ru
109,Госуниверситет УНПК – Государственный университет – учебно-научно-производственный комплекс,0,0,0,0,0,Есть,Есть,Нет,Нет,09.03.03,vuzoteka.ru
110,БГУ – Бурятский государственный университет,118200,170,16,149,1,Есть,Нет,Нет,Нет,09.03.03,vuzoteka.ru
111,КГТУ – Калининградский государственный технический университет,130400,189,20,132,40,Есть,Нет,Есть,Нет,09.03.03,vuzoteka.ru
112,СибГУТИ – Сибирский государственный университет телекоммуникаций и информатики,130215,208,30,140,25,Есть,Нет,Есть,Нет,09.03.03,vuzoteka.ru
113,ПГУТИ – Поволжский государственный университет телекоммуникаций и информатики,102000,149,25,129,25,Есть,Нет,Есть,Нет,09.03.03,vuzoteka.ru
114,ДГТУ – Дагестанский государственный технический университет,98580,115,40,0,6,Есть,Нет,Есть,Нет,09.03.03,vuzoteka.ru
115,МГТУ – Майкопский государственный технологический университет,103486,132,22,0,10,Есть,Нет,Есть,Нет,09.03.03,vuzoteka.ru
116,ННГАСУ – Нижегородский государственный архитектурно-строительный университет,0,184,17,0,43,Есть,Нет,Есть,Нет,09.03.03,vuzoteka.ru
117,УрГЭУ-СИНХ – Уральский государственный экономический университет,137000,0,16,0,20,Есть,Нет,Есть,Нет,09.03.03,vuzoteka.ru
118,БГТУ – Брянский государственный технический университет,0,0,30,0,10,Есть,Нет,Нет,Нет,09.03.03,vuzoteka.ru
119,ПГУ – Пятигорский государственный университет,119600,139,0,146,10,Есть,Нет,Есть,Нет,09.03.03,vuzoteka.ru
120,ВСГУТУ – Восточно-Сибирский государственный университет технологий и управления,126000,120,20,0,0,Есть,Нет,Нет,Нет,09.03.03,vuzoteka.ru
121,СГУ – Сочинский государственный университет,130000,188,22,115,38,Есть,Нет,Нет,Нет,09.03.03,vuzoteka.ru
122,БрГУ – Братский государственный университет,139100,134,17,0,3,Есть,Нет,Есть,Нет,09.03.03,vuzoteka.ru
123,ВолГАУ – Волгоградский государственный аграрный университет,0,171,17,128,20,Есть,Нет,Есть,Нет,09.03.03,vuzoteka.ru
124,НГАСУ – Новосибирский государственный архитектурно-строительный университет (СИБСТРИН),0,0,0,0,0,Есть,Нет,Нет,Нет,09.03.03,vuzoteka.ru
125,ЧГПУ имени И.Я. Яковлева – Чувашский государственный педагогический университет имени И.Я. Яковлева,0,126,25,0,20,Есть,Нет,Есть,Нет,09.03.03,vuzoteka.ru
126,МосГУ – Московский гуманитарный университет,212000,0,0,103,0,Есть,Нет,Есть,Нет,09.03.03,vuzoteka.ru
127,СГСПУ – Самарский государственный социально-педагогический университет,0,147,20,0,5,Есть,Нет,Есть,Нет,09.03.03,vuzoteka.ru
128,РГГРУ (МГРИ) – Российский государственный геологоразведочный университет имени Серго Орджоникидзе,165400,194,15,169,10,Есть,Нет,Есть,Нет,09.03.03,vuzoteka.ru
129,СмолГУ – Смоленский государственный университет,0,0,19,0,11,Есть,Нет,Нет,Нет,09.03.03,vuzoteka.ru
130,ВГСПУ – Волгоградский государственный социально-педагогический университет,114540,165,16,146,5,Есть,Нет,Нет,Нет,09.03.03,vuzoteka.ru
131,МГОТУ – Технологический университет,109000,189,15,150,5,Есть,Нет,Есть,Нет,09.03.03,vuzoteka.ru
132,ВГПУ – Воронежский государственный педагогический университет,110000,186,12,0,5,Есть,Нет,Есть,Нет,09.03.03,vuzoteka.ru
133,СибАДИ – Сибирская государственная автомобильно-дорожная академия,116922,175,35,171,15,Есть,Нет,Есть,Нет,09.03.03,vuzoteka.ru
134,БГПУ – Башкирский государственный педагогический университет имени М. Акмуллы,112177,192,24,180,15,Есть,Нет,Есть,Нет,09.03.03,vuzoteka.ru
135,БГАУ – Белгородский государственный аграрный университет имени В.Я. Горина,0,160,25,119,10,Есть,Нет,Есть,Нет,09.03.03,vuzoteka.ru
136,СибГИУ – Сибирский государственный индустриальный университет,101000,166,25,202,5,Есть,Нет,Есть,Нет,09.03.03,vuzoteka.ru
137,ГАГУ – Горно-Алтайский государственный университет,133590,144,20,0,2,Есть,Нет,Нет,Нет,09.03.03,vuzoteka.ru
138,ВятГГУ – Вятский государственный гуманитарный университет,0,0,0,0,0,Есть,Нет,Есть,Нет,09.03.03,vuzoteka.ru
139,ХГУ – Хакасский государственный университет имени Н.Ф. Катанова,147100,146,25,0,10,Есть,Нет,Нет,Нет,09.03.03,vuzoteka.ru
140,КузГТУ – Кузбасский государственный технический университет имени Т.Ф. Горбачева,125640,172,60,117,20,Есть,Нет,Нет,Нет,09.03.03,vuzoteka.ru
141,СКГМИ (ГТУ) – Северо-Кавказский горно-металлургический институт (государственный технологический университет),107000,120,25,181,10,Есть,Нет,Нет,Нет,09.03.03,vuzoteka.ru
142,Иркутский ГАУ – Иркутский государственный аграрный университет имени А.А. Ежевского,130260,139,17,133,5,Есть,Нет,Есть,Нет,09.03.03,vuzoteka.ru
143,МГТА – Московская гуманитарно-техническая академия,73000,0,0,0,30,Есть,Есть,Есть,Нет,09.03.03,vuzoteka.ru
144,КамГУ имени Витуса Беринга – Камчатский государственный университет имени Витуса Беринга,256700,142,15,0,5,Есть,Нет,Есть,Нет,09.03.03,vuzoteka.ru
145,МИУ – Международный инновационный университет,0,0,0,103,0,Есть,Нет,Есть,Нет,09.03.03,vuzoteka.ru
146,ПГГПУ – Пермский государственный гуманитарно-педагогический университет,0,203,16,168,14,Есть,Нет,Есть,Нет,09.03.03,vuzoteka.ru
147,НГПУ имени К. Минина – Нижегородский государственный педагогический университет имени Козьмы Минина (Мининский университет),131500,166,25,103,2,Есть,Нет,Нет,Нет,09.03.03,vuzoteka.ru
148,Университет Дубна – Государственный университет Дубна  ст,184000,188,45,148,15,Есть,Нет,Есть,Нет,09.03.03,vuzoteka.ru
149,УГЛТУ – Уральский государственный лесотехнический университет,145200,170,19,122,6,Есть,Нет,Есть,Нет,09.03.03,vuzoteka.ru
150,КЧГУ – Карачаево-Черкесский государственный университет имени У.Д. Алиева,101000,104,18,0,5,Есть,Нет,Есть,Нет,09.03.03,vuzoteka.ru
151,"БУКЭП – Белгородский университет кооперации, экономики и права",63000,0,0,103,0,Есть,Нет,Есть,Нет,09.03.03,vuzoteka.ru
152,АлтГПУ – Алтайский государственный педагогический университет,83000,160,25,142,5,Есть,Нет,Нет,Нет,09.03.03,vuzoteka.ru
153,КГУ – Курганский государственный университет,118065,154,20,0,3,Есть,Нет,Есть,Нет,09.03.03,vuzoteka.ru
154,КнАГТУ – Комсомольский-на-Амуре государственный технический университет,161050,150,15,141,10,Есть,Нет,Есть,Нет,09.03.03,vuzoteka.ru
155,ИСОиП – Институт сферы обслуживания и предпринимательства – филиал ДГТУ в Шахтах (Донского государственного технического университета),117000,133,20,133,10,Есть,Нет,Нет,Нет,09.03.03,vuzoteka.ru
156,ХГУЭП – Хабаровский государственный университет экономики и права,143500,132,12,120,8,Есть,Нет,Нет,Нет,09.03.03,vuzoteka.ru
157,КИУ (ИЭУП) – Казанский инновационный университет имени В.Г. Тимирясова,138550,206,15,120,30,Есть,Нет,Есть,Нет,09.03.03,vuzoteka.ru
158,НГПУ – Набережночелнинский государственный педагогический университет,0,173,22,149,5,Есть,Нет,Есть,Нет,09.03.03,vuzoteka.ru
159,ГГНТУ имени академика М.Д. Миллионщикова – Грозненский государственный нефтяной технический университет имени академика М.Д. Миллионщикова,99927,132,35,0,10,Есть,Нет,Есть,Нет,09.03.03,vuzoteka.ru
160,ОмГТУ – Омский государственный технический университет,98400,0,0,0,15,Есть,Нет,Нет,Нет,09.03.03,vuzoteka.ru
161,МУГУ – Московский университет государственного управления,0,0,0,0,0,Есть,Нет,Есть,Нет,09.03.03,vuzoteka.ru
162,ССЭИ РЭУ – Саратовский социально-экономический институт – филиал Российского экономического университета имени Г.В. Плеханова,0,0,10,0,15,Есть,Нет,Нет,Нет,09.03.03,vuzoteka.ru
163,ИМСИТ – Академия маркетинга и социально-информационных технологий ИМСИТ,98300,0,0,103,15,Есть,Нет,Есть,Нет,09.03.03,vuzoteka.ru
164,НЧИ КФУ – Набережночелнинский институт – филиал Казанского (Приволжского) федерального университета,0,179,18,130,7,Есть,Нет,Есть,Нет,09.03.03,vuzoteka.ru
165,Филиал СКФУ в Пятигорске (Северо-Кавказского федерального университета),0,0,0,0,0,Есть,Нет,Есть,Нет,09.03.03,vuzoteka.ru
166,"Уральский институт экономики, управления и права",0,0,0,0,0,Есть,Есть,Есть,Нет,09.03.03,vuzoteka.ru
167,ДГУНХ – Дагестанский государственный университет народного хозяйства,109620,125,30,110,30,Есть,Нет,Есть,Нет,09.03.03,vuzoteka.ru
168,СибУПК – Сибирский университет потребительской кооперации,0,0,0,0,0,Есть,Нет,Нет,Нет,09.03.03,vuzoteka.ru
169,БГСХА имени В.Р. Филиппова – Бурятская государственная сельскохозяйственная академия имени В.Р. Филиппова,0,120,26,0,4,Есть,Нет,Есть,Нет,09.03.03,vuzoteka.ru
170,ВГСХА – Великолукская государственная сельскохозяйственная академия,57500,0,0,0,15,Есть,Нет,Есть,Нет,09.03.03,vuzoteka.ru
171,Институт программных систем УГП имени А.К. Айламазяна,80000,0,0,150,30,Есть,Есть,Нет,Нет,09.03.03,vuzoteka.ru
172,ВоГУ – Вологодский государственный университет,0,0,0,167,0,Есть,Нет,Есть,Нет,09.03.03,vuzoteka.ru
173,ЕАОИ – Евразийский открытый институт,0,0,0,0,0,Есть,Есть,Есть,Нет,09.03.03,vuzoteka.ru
174,УГУЭС – Уфимский государственный университет экономики и сервиса,0,0,0,0,0,Есть,Нет,Есть,Нет,09.03.03,vuzoteka.ru
175,МИР (IMI) – Международный институт рынка,122602,136,16,133,10,Есть,Нет,Есть,Нет,09.03.03,vuzoteka.ru
176,ПГАТУ – Пермский государственный аграрно-технологический университет имени академика Д.Н. Прянишникова,130000,172,18,162,30,Есть,Есть,Есть,Нет,09.03.03,vuzoteka.ru
177,МИДИС – Международный институт дизайна и сервиса,80800,0,0,103,30,Есть,Нет,Есть,Нет,09.03.03,vuzoteka.ru
178,СКГА – Северо-Кавказская государственная академия,92000,135,40,152,15,Есть,Нет,Есть,Нет,09.03.03,vuzoteka.ru
179,МГГЭУ – Московский государственный гуманитарно-экономический университет,180400,223,17,165,5,Есть,Нет,Нет,Нет,09.03.03,vuzoteka.ru
180,Бирский филиал БашГУ – Башкирского государственного университета,0,151,12,0,15,Есть,Есть,Есть,Нет,09.03.03,vuzoteka.ru
181,ТАУ – Тольяттинская академия управления,132600,130,14,0,10,Есть,Есть,Нет,Нет,09.03.03,vuzoteka.ru
182,Северодвинский филиал САФУ – Северного (Арктического) федерального университета имени М.В. Ломоносова,0,167,0,0,0,Есть,Нет,Нет,Нет,09.03.03,vuzoteka.ru
183,ГУ – Гуманитарный университет,0,181,0,113,0,Есть,Есть,Есть,Нет,09.03.03,vuzoteka.ru
184,Одинцовский гуманитарный университет,0,0,0,0,0,Есть,Нет,Нет,Нет,09.03.03,vuzoteka.ru
185,ДАГГАУ – Дагестанский государственный аграрный университет имени М.М. Джамбулатова,91250,0,28,0,0,Есть,Нет,Есть,Нет,09.03.03,vuzoteka.ru
186,"ЮУ (ИУБиП) – Южный университет (Институт управления, бизнеса и права))",0,0,0,103,30,Есть,Нет,Есть,Нет,09.03.03,vuzoteka.ru
187,ЧГПУ – Чеченский государственный педагогический университет,98497,170,25,126,0,Есть,Нет,Есть,Нет,09.03.03,vuzoteka.ru
188,СФ НИУ МЭИ – филиал НИУ МЭИ в Смоленске (Национального исследовательского университета МЭИ),0,156,35,124,15,Есть,Нет,Нет,Нет,09.03.03,vuzoteka.ru
189,МИТУ МАСИ – Московский информационно-технологический университет (Московский архитектурно-строительный институт),159000,0,0,99,30,Есть,Есть,Есть,Нет,09.03.03,vuzoteka.ru
190,ИМЭФ – Институт мировой экономики и финансов,102203,0,0,0,10,Есть,Нет,Есть,Нет,09.03.03,vuzoteka.ru
191,Смоленский ГУ – Смоленский гуманитарный университет,0,0,0,0,0,Есть,Нет,Есть,Нет,09.03.03,vuzoteka.ru
192,ОГТИ ОГУ – Орский гуманитарно-технологический институт – филиал Оренбургского государственного университета,107890,0,10,0,25,Есть,Нет,Нет,Нет,09.03.03,vuzoteka.ru
193,ВЭПИ – Воронежский экономико-правовой институт,99500,144,0,142,24,Есть,Нет,Есть,Нет,09.03.03,vuzoteka.ru
194,НИУ РАНХиГС – Нижегородский институт управления (филиал Российской академии народного хозяйства и государственной службы при Президенте Российской Федерации),0,167,15,140,25,Есть,Нет,Есть,Нет,09.03.03,vuzoteka.ru
195,МИ ВлГУ – Муромский филиал Владимирского государственного университета имени Александра Григорьевича и Николая Григорьевича Столетовых,0,0,0,0,30,Есть,Нет,Есть,Нет,09.03.03,vuzoteka.ru
196,КамчатГТУ – Камчатский государственный технический университет,272330,118,10,0,5,Есть,Нет,Есть,Нет,09.03.03,vuzoteka.ru
197,ОмГА – Омская гуманитарная академия,110939,0,0,0,20,Есть,Есть,Есть,Нет,09.03.03,vuzoteka.ru
198,АСО (КСЮИ) – Академия социального образования,0,0,0,0,0,Есть,Нет,Есть,Нет,09.03.03,vuzoteka.ru
199,"ИНУПБТ – Институт управления, бизнеса и технологий",122380,0,0,0,20,Есть,Есть,Есть,Нет,09.03.03,vuzoteka.ru
200,МУБиНТ – Международная академия бизнеса и новых технологий (МУБиНТ),75000,0,0,103,40,Есть,Нет,Есть,Нет,09.03.03,vuzoteka.ru
201,НГИИ – Норильский государственный индустриальный институт,0,0,16,0,5,Есть,Нет,Нет,Нет,09.03.03,vuzoteka.ru
202,НФ НИТУ МИСиС – Новотроицкий филиал Национального исследовательского технологического университета МИСиС,131620,0,10,153,10,Есть,Нет,Есть,Нет,09.03.03,vuzoteka.ru
203,"САПЭУ – Сибирская академия права, экономики и управления",0,0,0,0,0,Есть,Нет,Есть,Нет,09.03.03,vuzoteka.ru
204,ААЭП – Алтайская академия экономики и права (институт),0,0,0,0,0,Есть,Нет,Нет,Нет,09.03.03,vuzoteka.ru
205,Нижнетагильский технологический институт – филиал УрФУ (Уральского федерального университета имени первого Президента России Б.Н. Ельцина),159600,171,15,0,5,Есть,Есть,Есть,Нет,09.03.03,vuzoteka.ru
206,Елабужский филиал КФУ – Казанского (Приволжского) федерального университета,0,0,10,0,15,Есть,Нет,Есть,Нет,09.03.03,vuzoteka.ru
207,СВГУ – Северо-Восточный государственный университет,98950,138,20,115,5,Есть,Нет,Есть,Нет,09.03.03,vuzoteka.ru
208,ТИЭИ – Тульский институт экономики и информатики,50500,0,0,0,10,Есть,Нет,Есть,Нет,09.03.03,vuzoteka.ru
209,Филиал БГУЭП в Якутске (Байкальского государственного университета экономики и права),0,0,0,0,0,Есть,Нет,Есть,Нет,09.03.03,vuzoteka.ru
210,МИЖ – Муниципальный институт г. Жуковского,0,0,0,0,0,Есть,Нет,Нет,Нет,09.03.03,vuzoteka.ru
211,Хакасский технический институт – филиал СФУ – Сибирского федерального университета,63966,165,20,0,2,Есть,Нет,Нет,Нет,09.03.03,vuzoteka.ru
212,"ЕИУБП – Ессентукский институт управления, бизнеса и права",0,0,0,99,0,Есть,Нет,Есть,Нет,09.03.03,vuzoteka.ru
213,БИ СГУ – Балашовский институт – филиал Саратовского национального исследовательского государственного университета имени Н.Г. Чернышевского,115830,0,0,0,10,Есть,Нет,Нет,Нет,09.03.03,vuzoteka.ru
214,"Дербентский филиал МЭСИ (Московского государственного университета экономики, статистики и информатики)",0,0,0,0,0,Есть,Нет,Нет,Нет,09.03.03,vuzoteka.ru
215,Самарская академия государственного и муниципального управления,0,0,0,0,0,Есть,Нет,Есть,Нет,09.03.03,vuzoteka.ru
216,Пермский институт экономики и финансов,0,0,0,0,0,Есть,Нет,Есть,Нет,09.03.03,vuzoteka.ru
217,ТИ СВФУ – Технический институт – филиал Северо-Восточного федерального университета имени М.К. Аммосова,0,164,0,0,0,Есть,Нет,Есть,Нет,09.03.03,vuzoteka.ru
218,"СКИБИИТ – Северо-Кавказский институт бизнеса, инженерных и информационных технологий",0,0,0,0,0,Есть,Нет,Есть,Нет,09.03.03,vuzoteka.ru
219,СФ БашГУ – Стерлитамакский филиал БашГУ (Башкирского государственного университета),0,0,10,0,40,Есть,Нет,Есть,Нет,09.03.03,vuzoteka.ru
220,СКСИ – Северо-Кавказский социальный институт,55000,0,0,121,0,Есть,Нет,Есть,Нет,09.03.03,vuzoteka.ru
221,Арзамасский филиал ННГУ – Национального исследовательского Нижегородского государственного университета имени Н.И. Лобачевского,133100,143,19,125,40,Есть,Нет,Есть,Нет,09.03.03,vuzoteka.ru
222,ВИБ – Волгоградский институт бизнеса,0,0,0,0,0,Есть,Нет,Есть,Нет,09.03.03,vuzoteka.ru
223,НФИ КемГУ – Новокузнецкий институт – филиал Кемеровского государственного университета,136600,0,17,0,13,Есть,Есть,Есть,Нет,09.03.03,vuzoteka.ru
224,СевКавГТИ – Северо-Кавказский гуманитарно-технический институт,0,0,0,0,0,Есть,Нет,Есть,Нет,09.03.03,vuzoteka.ru
225,"КИФЭИ – Казанский институт финансов, экономики и информатики",78000,0,0,0,20,Есть,Нет,Есть,Нет,09.03.03,vuzoteka.ru
226,НСИ – Новый сибирский институт,71300,0,0,0,10,Есть,Нет,Есть,Нет,09.03.03,vuzoteka.ru
227,"ТФ МЭСИ – Тверской филиал Московского государственного университета экономики, статистики и информатики (МЭСИ)",0,0,0,0,0,Есть,Нет,Есть,Нет,09.03.03,vuzoteka.ru
228,ИнЭУ – Институт экономики и управления,0,0,0,0,0,Есть,Нет,Есть,Нет,09.03.03,vuzoteka.ru
229,Филиал УдГУ в Воткинске – Удмуртского государственного университета,121777,0,10,117,60,Есть,Нет,Есть,Нет,09.03.03,vuzoteka.ru
230,Филиал ЮФУ (Южного федерального университета в с. Учкекен Карачаево-Черкесской Республики),0,0,0,0,0,Есть,Нет,Нет,Нет,09.03.03,vuzoteka.ru
231,Филиал БГУ в Усть-Илимске – Байкальского государственного университета,0,0,0,0,0,Есть,Нет,Есть,Нет,09.03.03,vuzoteka.ru
232,ВЕИ – Восточно-Европейский институт,0,0,0,0,0,Есть,Нет,Нет,Нет,09.03.03,vuzoteka.ru
233,СКАУ – Северо-Кавказская академия управления,0,0,0,0,0,Есть,Нет,Есть,Нет,09.03.03,vuzoteka.ru
234,"МЭБИК – Курский институт менеджмента, экономики и бизнеса",0,0,0,103,0,Есть,Нет,Есть,Нет,09.03.03,vuzoteka.ru
235,ИТиБ – Институт технологии и бизнеса,0,0,0,0,0,Есть,Нет,Нет,Нет,09.03.03,vuzoteka.ru
236,Филиал УГАТУ в Кумертау – Уфимского государственного авиационного технического университета,0,0,17,0,13,Есть,Нет,Есть,Нет,09.03.03,vuzoteka.ru
237,Филиал УГАТУ в Стерлитамаке (Уфимского государственного авиационного технического университета),0,0,0,0,0,Есть,Нет,Есть,Нет,09.03.03,vuzoteka.ru
238,Филиал КузГТУ в Прокопьевске – Кузбасского государственного технического университета имени Т.Ф. Горбачева,0,0,0,0,0,Есть,Нет,Нет,Нет,09.03.03,vuzoteka.ru
239,Филиал УдГУ в Губкинском – Удмуртского государственного университета,0,0,0,0,0,Есть,Нет,Нет,Нет,09.03.03,vuzoteka.ru
240,СИУ – Ставропольский институт управления,0,0,0,0,0,Есть,Нет,Есть,Нет,09.03.03,vuzoteka.ru
241,ПФ МПГУ – Покровский филиал Московского педагогического государственного университета,90000,0,9,0,100,Есть,Нет,Есть,Нет,09.03.03,vuzoteka.ru
242,Филиал РТУ МИРЭА в Ставрополе – Российского технологического университета МИРЭА,0,0,0,103,30,Есть,Есть,Нет,Нет,09.03.03,vuzoteka.ru
243,Филиал КубГУ в Новороссийске (Кубанского государственного университета),0,0,0,0,0,Есть,Нет,Нет,Нет,09.03.03,vuzoteka.ru
244,УрИБ – Уральский институт бизнеса им. И.А. Ильина,0,0,0,0,0,Есть,Нет,Есть,Нет,09.03.03,vuzoteka.ru
245,АСФ КемГУ – Филиал Кемеровского государственного университета в Анжеро-Судженске,0,0,0,0,0,Есть,Нет,Нет,Нет,09.03.03,vuzoteka.ru
246,Филиал РГЭУ (РИНХ) в Махачкале – Ростовского государственного экономического университета,77000,0,0,108,25,Есть,Нет,Есть,Нет,09.03.03,vuzoteka.ru
247,Филиал ЮФУ в Новошахтинске Ростовской области (Южного федерального университета),0,0,0,0,0,Есть,Нет,Нет,Нет,09.03.03,vuzoteka.ru
248,"Рязанский филиал МЭСИ (Московского государственного университета экономики, статистики и информатики (МЭСИ))",0,0,0,0,0,Есть,Нет,Есть,Нет,09.03.03,vuzoteka.ru
249,МИГКУ – Московский институт государственного и корпоративного управления,0,0,0,0,0,Есть,Есть,Есть,Нет,09.03.03,vuzoteka.ru
250,Филиал МГУПИ в Кашире (Московского государственного университета приборостроения и информатики),0,0,0,0,0,Есть,Нет,Нет,Нет,09.03.03,vuzoteka.ru
251,Филиал ИГУ в Братске – Иркутского государственного университета,0,0,0,107,0,Есть,Нет,Есть,Нет,09.03.03,vuzoteka.ru
252,Рубцовский филиал АлтГУ – Алтайского государственного университета,114160,177,25,150,3,Есть,Нет,Есть,Нет,09.03.03,vuzoteka.ru
253,МГУПИ – Московский государственный университет приборостроения и информатики,98000,166,0,0,0,Есть,Есть,Есть,Нет,09.03.03,vuzoteka.ru
254,"ТГАМЭУП – Тюменская государственная академия мировой экономики, управления и права",0,0,0,0,0,Есть,Нет,Нет,Нет,09.03.03,vuzoteka.ru
255,"Красноярский филиал МЭСИ (Московского государственного университета экономики, статистики и информатики (МЭСИ))",0,0,0,0,0,Есть,Нет,Есть,Нет,09.03.03,vuzoteka.ru
256,Филиал АлтГУ в Славгороде (Алтайского государственного университета),0,0,0,0,0,Есть,Нет,Есть,Нет,09.03.03,vuzoteka.ru
257,Владимирский филиал Московского финансово-юридического университета МФЮА,0,0,0,0,0,Есть,Нет,Есть,Нет,09.03.03,vuzoteka.ru
258,Альметьевский филиал Университета управления ТИСБИ,48000,0,0,0,15,Есть,Нет,Нет,Нет,09.03.03,vuzoteka.ru
259,"Калининградский филиал МЭСИ (Московского государственного университета экономики, статистики и информатики (МЭСИ))",0,0,0,0,0,Есть,Нет,Есть,Нет,09.03.03,vuzoteka.ru
260,Филиал ТюмГУ в Ноябрьске (Тюменского государственного университета),0,0,0,0,0,Есть,Нет,Нет,Нет,09.03.03,vuzoteka.ru
261,Филиал ДГТУ в Кизляре – Дагестанского государственного технического университета,98580,0,0,0,10,Есть,Нет,Есть,Нет,09.03.03,vuzoteka.ru
262,Дзержинский филиал ННГУ – Национальный исследовательский Нижегородский государственный университет имени Н.И. Лобачевского,0,159,10,126,25,Есть,Нет,Нет,Нет,09.03.03,vuzoteka.ru
263,Филиал МГУПИ в Можайске (Московского государственного университета приборостроения и информатики),0,0,0,0,0,Есть,Нет,Есть,Нет,09.03.03,vuzoteka.ru
264,Павловский филиал ННГУ – Нижегородского государственного университета имени Н.И. Лобачевского,0,142,5,0,25,Есть,Нет,Нет,Нет,09.03.03,vuzoteka.ru
265,МГГУ им. М.А.Шолохова – Московский государственный гуманитарный университет имени М.А. Шолохова,0,0,0,0,0,Есть,Нет,Есть,Нет,09.03.03,vuzoteka.ru
266,Филиал УрГЭУ-СИНХ в Березники (Уральского государственного экономического университета),0,0,0,0,0,Есть,Нет,Есть,Нет,09.03.03,vuzoteka.ru
267,Филиал РГГМУ в Туапсе – Российского государственного гидрометеорологического университета,0,137,0,150,0,Есть,Нет,Есть,Нет,09.03.03,vuzoteka.ru
268,МФЮА – Московский финансово-юридический университет,250000,0,0,103,60,Есть,Есть,Есть,Нет,09.03.03,vuzoteka.ru
269,АГИКИ – Арктический государственный институт культуры и искусств,150000,0,0,0,0,Есть,Нет,Есть,Нет,09.03.03,vuzoteka.ru
270,ИКТ – Институт коммуникативных технологий,0,0,0,0,0,Есть,Есть,Есть,Нет,09.03.03,vuzoteka.ru
271,АФ КНИТУ-КАИ – Альметьевский филиал Казанского государственного технического университета имени А.Н. Туполева,133818,170,10,138,10,Есть,Нет,Есть,Нет,09.03.03,vuzoteka.ru
272,МУ имени С.Ю. Витте – Московский университет имени С.Ю. Витте,110000,176,14,103,59,Есть,Есть,Есть,Нет,09.03.03,vuzoteka.ru
273,БОКИТУ МГУТУ – Брянский областной казачий институт технологий и управления - филиал Московского государственного университета технологий и управления имени К. Г. Разумовского,85000,0,0,0,20,Есть,Есть,Есть,Нет,09.03.03,vuzoteka.ru
274,Нижневартовский филиал ОмГТУ (Омского государственного технического университета),0,0,0,0,0,Есть,Нет,Есть,Нет,09.03.03,vuzoteka.ru
275,МБИ/IBI – Международный банковский институт,200000,0,0,0,15,Есть,Есть,Есть,Нет,09.03.03,vuzoteka.ru
276,Университет управления ТИСБИ,78000,182,21,132,0,Есть,Нет,Есть,Нет,09.03.03,vuzoteka.ru
277,ИМСГС – Институт международных социально-гуманитарных связей,0,0,0,0,0,Есть,Нет,Нет,Нет,09.03.03,vuzoteka.ru
278,Ставропольский институт имени В.Д. Чурсина,0,0,0,0,0,Есть,Нет,Нет,Нет,09.03.03,vuzoteka.ru
279,СПбУТУиЭ – Санкт-Петербургский университет технологий управления и экономики,0,0,0,105,0,Есть,Нет,Есть,Нет,09.03.03,vuzoteka.ru
280,ОГИМ – Оренбургский государственный институт менеджмента,0,0,0,0,0,Есть,Нет,Есть,Нет,09.03.03,vuzoteka.ru
281,"Институт государственного управления, права и инновационных технологий",0,0,0,0,0,Есть,Есть,Есть,Нет,09.03.03,vuzoteka.ru
282,УрСЭИ АТиСО – Уральский социально-экономический институт – филиал Академии труда и социальных отношений,0,0,0,103,0,Есть,Нет,Есть,Нет,09.03.03,vuzoteka.ru
283,Благовещенский филиал МосАП (Московской академии предпринимательства при Правительстве Москвы),0,0,0,0,0,Есть,Нет,Есть,Нет,09.03.03,vuzoteka.ru
284,ОмАЭиП – Омская академия экономики и предпринимательства,0,0,0,0,0,Есть,Нет,Нет,Нет,09.03.03,vuzoteka.ru
285,"НИЭУП – Невинномысский институт экономики, управления и права",101000,0,0,0,20,Есть,Нет,Есть,Нет,09.03.03,vuzoteka.ru
286,Ярославский филиал МосАП (Московской академии предпринимательства при Правительстве Москвы),0,0,0,0,0,Есть,Нет,Есть,Нет,09.03.03,vuzoteka.ru
287,Ярославский филиал РЭУ – Российского экономического университета имени Г.В. Плеханова,0,0,0,0,0,Есть,Нет,Есть,Нет,09.03.03,vuzoteka.ru
288,"Краснодарский филиал ИВЭСЭП – Санкт-Петербургского института внешнеэкономических связей, экономики и права",0,0,0,0,0,Есть,Нет,Нет,Нет,09.03.03,vuzoteka.ru
289,Вятский социально-экономический институт,0,0,0,0,0,Есть,Нет,Есть,Нет,09.03.03,vuzoteka.ru
290,Филиал РГГУ в Тольятти (Российского государственного гуманитарного университета),0,0,0,0,0,Есть,Нет,Есть,Нет,09.03.03,vuzoteka.ru
291,"ИИТЭМ – Институт информационных технологий, экономики и менеджмента",0,0,0,0,0,Есть,Есть,Есть,Нет,09.03.03,vuzoteka.ru
292,"НТФ УИЭУиП – Нижнетагильский филиал Уральского института экономики, управления и права",0,0,0,0,0,Есть,Нет,Есть,Нет,09.03.03,vuzoteka.ru
293,ВИБ – Владимирский институт бизнеса,0,0,0,0,0,Есть,Нет,Нет,Нет,09.03.03,vuzoteka.ru
294,Филиал МГУПИ в Серпухове (Московского государственного университета приборостроения и информатики),0,0,0,0,0,Есть,Нет,Есть,Нет,09.03.03,vuzoteka.ru
295,Филиал РГЭУ (РИНХ) в Черкесске – Ростовского государственного экономического университета,0,0,0,122,25,Есть,Нет,Есть,Нет,09.03.03,vuzoteka.ru
296,Рязанский институт экономики (филиал СПбУУиЭ – Санкт-Петербургского университета управления и экономики),0,0,0,0,0,Есть,Нет,Есть,Нет,09.03.03,vuzoteka.ru
297,МГУПИ СПФ – филиал Московского государственного университета приборостроения и информатики в Сергиевом Посаде,0,0,0,0,0,Есть,Нет,Есть,Нет,09.03.03,vuzoteka.ru
298,ЗИП СибУПК – Забайкальский институт предпринимательства – филиал Сибирского университета потребительской кооперации,109000,0,0,0,0,Есть,Есть,Есть,Нет,09.03.03,vuzoteka.ru
299,"Филиал ИВЭСЭП в Бокситогорске – Санкт-Петербургского института внешнеэкономических связей, экономики и права",62000,0,0,120,15,Есть,Нет,Нет,Нет,09.03.03,vuzoteka.ru
300,КФ РУК – Камчатский филиал Российского университета кооперации,0,0,0,0,0,Есть,Нет,Есть,Нет,09.03.03,vuzoteka.ru
301,"Филиал ИВЭСЭП в Гатчине – Санкт-Петербургского института внешнеэкономических связей, экономики и права",65000,0,0,0,15,Есть,Нет,Нет,Нет,09.03.03,vuzoteka.ru
302,"МЕИЭФиП – Международный еврейский институт экономики, финансов и права",0,178,0,0,0,Есть,Нет,Есть,Нет,09.03.03,vuzoteka.ru
303,ВКИ РУК – Волгоградский кооперативный институт – Российского университета кооперации,0,0,0,99,0,Есть,Нет,Есть,Нет,09.03.03,vuzoteka.ru
304,Поволжский кооперативный институт – филиал РУК – Российского университета кооперации,0,0,0,99,0,Есть,Нет,Есть,Нет,09.03.03,vuzoteka.ru
305,Институт управления,65000,0,0,103,33,Есть,Нет,Есть,Нет,09.03.03,vuzoteka.ru
306,ЯФ МФЮА – Ярославский филиал Московского финансово-юридического университета,135500,0,0,162,0,Есть,Есть,Есть,Нет,09.03.03,vuzoteka.ru
307,НЧФ КИУ (ИЭУП) – Набережночелнинский филиал Казанского инновационного университета имени В.Г. Тимирясова (ИЭУП),138550,0,0,130,0,Есть,Нет,Есть,Нет,09.03.03,vuzoteka.ru
308,Орский филиал МФЮА – Московской финансово-юридической академии,0,0,0,103,30,Есть,Нет,Есть,Нет,09.03.03,vuzoteka.ru
309,Филиал КнАГТУ в Ванино (Комсомольского-на-Амуре государственного технического университета),0,0,0,0,0,Есть,Нет,Есть,Нет,09.03.03,vuzoteka.ru
310,КФ МФЮА – Кировский филиал Московской финансово-юридической академии,114700,0,0,103,25,Есть,Нет,Есть,Нет,09.03.03,vuzoteka.ru
311,БИСТ – Башкирский институт социальных технологий – филиал АТиСО (Академии труда и социальных отношений),99500,0,0,0,25,Есть,Нет,Есть,Нет,09.03.03,vuzoteka.ru
312,Алтайский филиал МГУКИ (Московского государственного университета культуры и искусств),0,0,0,0,0,Есть,Нет,Есть,Нет,09.03.03,vuzoteka.ru
313,Нижегородский филиал Гуманитарного института в Москва,0,0,0,0,0,Есть,Нет,Есть,Нет,09.03.03,vuzoteka.ru
314,ПензГТУ – Пензенский государственный технологический университет,0,0,21,0,5,Есть,Есть,Есть,Нет,09.03.03,vuzoteka.ru
315,Филиал РЭУ им Г.В. Плеханова в Пятигорске Ставропольского края (Российского экономического университета имени Г.В. Плеханова),0,0,0,0,0,Есть,Нет,Есть,Нет,09.03.03,vuzoteka.ru
316,"Ангарский филиал САПЭУ – Сибирской академии права, экономики и управления",0,0,0,0,0,Есть,Нет,Есть,Нет,09.03.03,vuzoteka.ru
317,Прокопьевский филиал СибГИУ – Сибирского государственного индустриального университета,0,0,0,0,0,Есть,Есть,Есть,Нет,09.03.03,vuzoteka.ru
318,ТГПИ имени А.П. Чехова – Таганрогский институт имени А.П. Чехова – филиал РГЭУ (РИНХ) – Ростовского государственного экономического университета,0,163,16,140,17,Есть,Нет,Есть,Нет,09.03.03,vuzoteka.ru
319,Кемеровский филиал РЭУ им Г.В. Плеханова – Российского экономического университета имени Г.В. Плеханова,0,0,10,0,15,Есть,Нет,Есть,Нет,09.03.03,vuzoteka.ru
320,Российско-Таджикский (славянский) университет,0,0,0,0,0,Есть,Нет,Нет,Нет,09.03.03,vuzoteka.ru
321,Филиал ТвГТУ в Вышнем Волочке Тверской области (Тверского государственного технического университета),0,0,0,0,0,Есть,Нет,Нет,Нет,09.03.03,vuzoteka.ru
322,РОСИ – Региональный открытый социальный институт,90110,0,0,103,0,Есть,Нет,Есть,Нет,09.03.03,vuzoteka.ru
323,ИУиИ – Институт управления и информатики,0,0,0,0,0,Есть,Есть,Есть,Нет,09.03.03,vuzoteka.ru
324,СГУ имени Питирима Сорокина – Сыктывкарский государственный университет имени Питирима Сорокина,0,182,30,129,0,Есть,Есть,Нет,Нет,09.03.03,vuzoteka.ru
325,Смоленский филиал РУК – Российского университета кооперации,0,0,0,0,0,Есть,Нет,Нет,Нет,09.03.03,vuzoteka.ru
326,БИЭФ – Балтийский институт экономики и финансов,0,0,0,0,0,Есть,Есть,Нет,Нет,09.03.03,vuzoteka.ru
327,Гуманитарный институт,0,0,0,0,0,Есть,Нет,Есть,Нет,09.03.03,vuzoteka.ru
328,"Астраханский филиал МЭСИ (Московского государственного университета экономики, статистики и информатики (МЭСИ))",0,0,0,0,0,Есть,Нет,Есть,Нет,09.03.03,vuzoteka.ru
329,Курганский филиал АТиСО – Академии труда и социальных отношений,70000,0,0,103,10,Есть,Нет,Есть,Нет,09.03.03,vuzoteka.ru
330,Сердобский филиал ПГУ (Пензенского государственного университета),0,0,0,0,0,Есть,Нет,Есть,Нет,09.03.03,vuzoteka.ru
331,РГТЭУ – Российский государственный торгово-экономический университет,0,0,0,0,0,Есть,Нет,Есть,Нет,09.03.03,vuzoteka.ru
332,Филиал РГГУ в Георгиевске – Российского государственного гуманитарного университета,0,0,0,0,0,Есть,Нет,Нет,Нет,09.03.03,vuzoteka.ru
333,ШГПУ – Шадринский государственный педагогический университет,0,131,12,0,5,Есть,Нет,Нет,Нет,09.03.03,vuzoteka.ru
334,СИБИТ – Сибирский институт бизнеса и информационных технологий,0,0,0,0,0,Есть,Нет,Есть,Нет,09.03.03,vuzoteka.ru
335,Филиал РГГУ в Электростали (Российского государственного гуманитарного университета),0,0,0,0,0,Есть,Нет,Есть,Нет,09.03.03,vuzoteka.ru
336,Социально-экономический институт,0,0,0,0,0,Есть,Есть,Есть,Нет,09.03.03,vuzoteka.ru
337,Донской филиал ЕАОИ (Евразийского открытого института),0,0,0,0,0,Есть,Нет,Есть,Нет,09.03.03,vuzoteka.ru
338,"Белгородский филиал МЭСИ (Московского государственного университета экономики, статистики и информатики (МЭСИ))",0,0,0,0,0,Есть,Нет,Есть,Нет,09.03.03,vuzoteka.ru
339,СевГУ – Севастопольский государственный университет,108000,178,30,0,5,Есть,Нет,Нет,Нет,09.03.03,vuzoteka.ru
340,ДВИМО – Дальневосточный институт международных отношений,0,0,0,0,0,Есть,Нет,Есть,Нет,09.03.03,vuzoteka.ru
341,Филиал ТюмГУ в Новый Уренгой (Тюменского государственного университета),0,0,0,0,0,Есть,Нет,Нет,Нет,09.03.03,vuzoteka.ru
342,ЧИ БГУ – Читинский институт – филиал Байкальского государственного университета,0,0,9,180,10,Есть,Нет,Есть,Нет,09.03.03,vuzoteka.ru
343,Филиал ТюмГУ в Надыме (Тюменского государственного университета),0,0,0,0,0,Есть,Нет,Нет,Нет,09.03.03,vuzoteka.ru
344,Филиал КубГТУ в Туапсе (Кубанского государственного технологического университета),0,0,0,0,0,Есть,Есть,Есть,Нет,09.03.03,vuzoteka.ru
345,РГУИТП – Российский государственный университет инновационных технологий и предпринимательства,0,0,0,0,0,Есть,Нет,Нет,Нет,09.03.03,vuzoteka.ru
346,СКИ РУК – Саранский кооперативный институт – филиал Российского университета кооперации,0,0,0,99,0,Есть,Нет,Есть,Нет,09.03.03,vuzoteka.ru
347,Егорьевский филиал МГГУ им. М.А.Шолохова в Егорьевск (Московского государственного гуманитарного университета имени М.А. Шолохова),0,0,0,0,0,Есть,Нет,Есть,Нет,09.03.03,vuzoteka.ru
348,Пензенский региональный центр высшей школы (филиал РГУИТП – Российского Государственного Университета Инновационных Технологий и Предринимательства),0,0,0,0,0,Есть,Нет,Есть,Нет,09.03.03,vuzoteka.ru
349,НКИ – Нижегородский коммерческий институт,0,0,0,0,0,Есть,Нет,Есть,Нет,09.03.03,vuzoteka.ru
350,"Железногорский филиал МЭБИК (Курского института менеджмента, экономики и бизнеса)",0,0,0,0,0,Есть,Есть,Есть,Нет,09.03.03,vuzoteka.ru
351,НТГСПИ – Нижнетагильский государственный социально-педагогический институт,0,185,25,0,0,Есть,Нет,Есть,Нет,09.03.03,vuzoteka.ru
352,Казанский филиал РГТЭУ (Российского государственного торгово-экономического университета),0,0,0,0,0,Есть,Нет,Нет,Нет,09.03.03,vuzoteka.ru
353,Филиал в Коряжме Северного (Арктического) федерального университета имени М.В. Ломоносова,170670,135,0,0,20,Есть,Нет,Нет,Нет,09.03.03,vuzoteka.ru
354,ПГПУ им. В.Г. Белинского – Пензенский государственный педагогический университет имени В.Г. Белинского,0,0,0,0,0,Есть,Нет,Нет,Нет,09.03.03,vuzoteka.ru
355,ВСГАО – Восточно-Сибирская государственная академия образования,0,0,0,0,0,Есть,Нет,Нет,Нет,09.03.03,vuzoteka.ru
356,"Нижегородский филиал МЭСИ (Московского государственного университета экономики, статистики и информатики (МЭСИ))",0,0,0,0,0,Есть,Нет,Нет,Нет,09.03.03,vuzoteka.ru
357,ВФ РЭУ – Воронежский филиал Российского экономического университета имени Г.В. Плеханова,0,189,10,140,15,Есть,Нет,Есть,Нет,09.03.03,vuzoteka.ru
358,ЕАСИ - Екатеринбургская академия современного искусства,98500,178,10,134,5,Есть,Нет,Нет,Нет,09.03.03,vuzoteka.ru
359,ПИ РЭУ – Пермский институт – филиал Российского экономического университета имени Г.В. Плеханова,127130,173,10,131,15,Есть,Нет,Есть,Нет,09.03.03,vuzoteka.ru
360,ДИНО Дубна – Дмитровский институт непрерывного образования – филиал Университета Дубна  ст,0,160,0,0,0,Есть,Нет,Есть,Нет,09.03.03,vuzoteka.ru
361,ЧКИ РУК – Чебоксарский кооперативный институт – филиал Российского университета кооперации,0,0,0,99,0,Есть,Есть,Есть,Нет,09.03.03,vuzoteka.ru
362,ПНИПУ – Пермский национальный исследовательский политехнический университет,0,0,0,0,0,Нет,Нет,Есть,Нет,09.03.03,vuzoteka.ru
363,ЮЗГУ – Юго-Западный государственный университет,0,0,0,0,0,Нет,Нет,Есть,Нет,09.03.03,vuzoteka.ru
364,ЧелГУ – Челябинский государственный университет,0,0,0,0,0,Нет,Нет,Есть,Нет,09.03.03,vuzoteka.ru
365,ТывГУ – Тувинский государственный университет,0,0,0,0,0,Нет,Нет,Есть,Нет,09.03.03,vuzoteka.ru
366,ПВГУС – Поволжский государственный университет сервиса,0,0,0,0,0,Нет,Есть,Есть,Нет,09.03.03,vuzoteka.ru
367,АГПУ – Армавирский государственный педагогический университет,0,0,0,0,0,Нет,Нет,Есть,Нет,09.03.03,vuzoteka.ru
368,ИСГЗ – Институт социальных и гуманитарных знаний,0,0,0,0,0,Нет,Нет,Есть,Нет,09.03.03,vuzoteka.ru
369,БИУБ – Брянский институт управления и бизнеса,0,0,0,0,0,Нет,Есть,Есть,Нет,09.03.03,vuzoteka.ru
370,"ИММиФ – Институт менеджмента, маркетинга и финансов",0,0,0,0,0,Нет,Нет,Есть,Нет,09.03.03,vuzoteka.ru
371,ЗУИЭП – Западно-Уральский институт экономики и права,0,0,0,0,0,Нет,Нет,Есть,Нет,09.03.03,vuzoteka.ru
372,Смоленский филиал МИИТ (Московского государственного университета путей сообщения),0,0,0,0,0,Нет,Нет,Есть,Нет,09.03.03,vuzoteka.ru
373,ИИиИТ МОФ СПбГУП – Институт искусств и информационных технологий – Московский областной филиал Санкт-Петербургского Гуманитарного университета профсоюзов,0,0,0,0,0,Нет,Нет,Есть,Нет,09.03.03,vuzoteka.ru
374,МИМЭМО – Московский институт мировой экономики и международных отношений,0,0,0,0,0,Нет,Нет,Есть,Нет,09.03.03,vuzoteka.ru
375,Анапский филиал МГГУ – Московского государственного гуманитарного университета имени М.А. Шолохова,0,0,0,0,0,Нет,Нет,Есть,Нет,09.03.03,vuzoteka.ru
376,Филиал РГЭУ (РИНХ) в Кисловодске – Ростовского государственного экономического университета,0,0,0,0,0,Нет,Нет,Есть,Нет,09.03.03,vuzoteka.ru
377,ИФ УГАТУ – филиал в Ишимбае Уфимского государственного авиационного технического университета,0,0,0,0,0,Нет,Нет,Есть,Нет,09.03.03,vuzoteka.ru
378,МФПУ Синергия – Московский финансово-промышленный университет Синергия,0,0,0,0,0,Нет,Нет,Есть,Нет,09.03.03,vuzoteka.ru
379,АПСИ – Армавирский Православно-Социальный Институт,0,0,0,0,0,Нет,Нет,Есть,Нет,09.03.03,vuzoteka.ru
380,"Филиал ИУБиП (г. Ростов-на-Дону) в Сальске (ИНСТИТУТА УПРАВЛЕНИЯ, БИЗНЕСА И ПРАВА)",0,0,0,0,0,Нет,Нет,Есть,Нет,09.03.03,vuzoteka.ru
381,Воронежский филиал МИИТ (Московского государственного университета путей сообщения),0,0,0,0,0,Нет,Нет,Есть,Нет,09.03.03,vuzoteka.ru
382,ВЭЮГА – Восточная экономико-юридическая гуманитарная академия,0,0,0,0,0,Нет,Нет,Есть,Нет,09.03.03,vuzoteka.ru
383,"СПБ ИВЭСЭП – Санкт-Петербургский институт внешнеэкономических связей, экономики и права",0,0,0,0,0,Нет,Нет,Есть,Нет,09.03.03,vuzoteka.ru
384,Ставропольский филиал МГГУ им. М.А.Шолохова (Московского государственного гуманитарного университета имени М.А. Шолохова),0,0,0,0,0,Нет,Нет,Есть,Нет,09.03.03,vuzoteka.ru
385,Академия МНЭПУ (Международный независимый эколого-политологический университет),0,0,0,0,0,Нет,Нет,Есть,Нет,09.03.03,vuzoteka.ru
386,ВИБ – Вологодский институт бизнеса,0,0,0,0,0,Нет,Нет,Есть,Нет,09.03.03,vuzoteka.ru
387,Каменск-Уральский филиал УрГЭУ-СИНХ (Уральского государственного экономического университета),0,0,0,0,0,Нет,Нет,Есть,Нет,09.03.03,vuzoteka.ru
388,Волгоградский филиал Института управления,0,0,0,0,0,Нет,Нет,Есть,Нет,09.03.03,vuzoteka.ru
389,"Альметьевский филиал ИЭУП (Института экономики, управления и права)",0,0,0,0,0,Нет,Нет,Есть,Нет,09.03.03,vuzoteka.ru
390,"Ставропольский институт кооперации – филиал БУКЭП – Белгородского университета кооперации, экономики и права",0,0,0,0,0,Нет,Нет,Есть,Нет,09.03.03,vuzoteka.ru
391,Омский филиал МФПУ – Московской финансово-промышленной академии Синергия,0,0,0,0,0,Нет,Нет,Есть,Нет,09.03.03,vuzoteka.ru
392,Филиал ВятГГУ в Вятских Полянах (Вятского государственного гуманитарного университета),0,0,0,0,0,Нет,Нет,Есть,Нет,09.03.03,vuzoteka.ru
393,Сочинский институт экономики и информационных технологий,0,0,0,0,0,Нет,Нет,Есть,Нет,09.03.03,vuzoteka.ru
394,"Бугульминский филиал ИЭУП (Института экономики, управления и права)",0,0,0,0,0,Нет,Нет,Есть,Нет,09.03.03,vuzoteka.ru
395,Филиал РГГУ в Всеволожске Ленинградской области (Российского государственного гуманитарного университета),0,0,0,0,0,Нет,Нет,Есть,Нет,09.03.03,vuzoteka.ru
396,Азовский филиал ЕАОИ (Евразийского открытого института),0,0,0,0,0,Нет,Нет,Есть,Нет,09.03.03,vuzoteka.ru
397,Тольяттинский филиал Института коммерции и права,0,0,0,0,0,Нет,Нет,Есть,Нет,09.03.03,vuzoteka.ru
398,Филиал ТвГТУ в Ржеве Тверской области (Тверского государственного технического университета),0,0,0,0,0,Нет,Нет,Есть,Нет,09.03.03,vuzoteka.ru
399,Филиал РГГУ в Калининграде (Российского государственного гуманитарного университета),0,0,0,0,0,Нет,Нет,Есть,Нет,09.03.03,vuzoteka.ru
400,Самарский филиал СПбГУП – Санкт-Петербургского Гуманитарного университета профсоюзов,0,0,0,0,0,Нет,Нет,Есть,Нет,09.03.03,vuzoteka.ru
401,Шадринский филиал МГГУ им. М.А.Шолохова в Шадринск (Московского государственного гуманитарного университета имени М.А. Шолохова),0,0,0,0,0,Нет,Нет,Есть,Нет,09.03.03,vuzoteka.ru
402,РИБиУ – Рязанский институт бизнеса и управления,0,0,0,0,0,Нет,Нет,Есть,Нет,09.03.03,vuzoteka.ru
403,Филиал РГГУ в Нижний Новгород (Российского государственного гуманитарного университета),0,0,0,0,0,Нет,Нет,Есть,Нет,09.03.03,vuzoteka.ru
404,ОрелГУЭТ – Орловский государственный университет экономики и торговли,0,0,0,0,0,Нет,Есть,Нет,Нет,09.03.03,vuzoteka.ru
405,Сочинский филиал РУДН (Российского университета дружбы народов),0,0,0,0,0,Нет,Есть,Нет,Нет,09.03.03,vuzoteka.ru
406,Филиал ВГУЭС в Артеме – Владивостокского государственного университета экономики и сервиса,0,0,0,0,0,Нет,Есть,Нет,Нет,09.03.03,vuzoteka.ru
407,Филиал РГГУ в Калуге (Российского государственного гуманитарного университета),0,0,0,0,0,Нет,Есть,Нет,Нет,09.03.03,vuzoteka.ru
408,ДКГИПТиБ МГУТУ – Донской казачий государственный институт пищевых технологий и бизнеса - филиал Московского государственного университета технологий и управления имени К. Г. Разумовского,0,0,0,0,0,Нет,Есть,Нет,Нет,09.03.03,vuzoteka.ru
